db,id,duplicate_id,citation,response,site,study,exp,lat,lon,elevation,mat,map,ecosystem_type,vegetation_type,experiment_type,community_type,dominant_species,growth_form,age,disturbance_type,treatment,npk,w_t1,c_c,c_t,d_t,d_t2,n_c,n_t,p_c,p_t,k_c,k_t,i_c,i_t,i_t2,s_c,s_t,w_t2,w_t3,start_year,duration,treatment_duration,fumigation_type,start_treatment,end_treatment,sampling_year,sampling_depth,aggregation_level,x_c,x_t,x_units,sd_c,sd_t,se_c,se_t,rep_c,rep_t,sampling_date
antwerp,,,zhou_et_al_2019,anpp,maodeng_pasture,maodeng_pasture_g,maodeng_pasture_g_d,44.3,116.75,1079,3,350,grassland,steppe,field,planted,leymus_chinensis;stipa_grandis,NA,4,NA,d,_000,_0000,404,404,1,24,0,0,0,0,0,0,0,0,0,2,2,0,0,2015,2,30,NA,16_07_2015_and_2016,14_08_2015_and_2016,2,NA,NA,277.06,131.73,g_m2,120,30.9,60,15.45,4,4,2016
p_meta,,,Ma_2023,lma,yellow_river_delta,,,38,118.7,,12.5,660,coastal,,field,,saltwort salsa,,NA,NA,f,_010,_0000,0,0,0,0,0,0,0,1,0,0,0,0,0,0,0,0,0,2021,1,,NA,01_05_2021,31_10_2021,1,NA,treatment,104.1524561,83.43369231,g_m2,38.64500011,30.56834328,5.118655308,3.791536346,57,65,2021
p_meta,,,Ma_2023,spad,yellow_river_delta,,,38,118.7,,12.5,660,coastal,,field,,saltwort salsa,,NA,NA,f,_010,_0000,0,0,0,0,0,0,0,1,0,0,0,0,0,0,0,0,0,2021,1,,NA,01_05_2021,31_10_2021,1,NA,treatment,38.29122807,45.95076923,unitless,9.402018794,8.549143288,1.245327811,1.060390719,57,65,2021
p_meta,,,Ma_2023,leaf_n_mass,yellow_river_delta,,,38,118.7,,12.5,660,coastal,,field,,saltwort salsa,,NA,NA,f,_010,_0000,0,0,0,0,0,0,0,1,0,0,0,0,0,0,0,0,0,2021,1,,NA,01_05_2021,31_10_2021,1,NA,treatment,24.83070175,25.02184615,mg_g,7.759598402,5.453231809,1.027783916,0.67639016,57,65,2021
p_meta,,,Ma_2023,leaf_n_area,yellow_river_delta,,,38,118.7,,12.5,660,coastal,,field,,saltwort salsa,,NA,NA,f,_010,_0000,0,0,0,0,0,0,0,1,0,0,0,0,0,0,0,0,0,2021,1,,NA,01_05_2021,31_10_2021,1,NA,treatment,2.48245614,2.010307692,g_m2,1.020355822,0.724773605,0.13514943,0.089897102,57,65,2021
p_meta,,,Ma_2023,leaf_p_mass,yellow_river_delta,,,38,118.7,,12.5,660,coastal,,field,,saltwort salsa,,NA,NA,f,_010,_0000,0,0,0,0,0,0,0,1,0,0,0,0,0,0,0,0,0,2021,1,,NA,01_05_2021,31_10_2021,1,NA,treatment,0.715614035,2.134923077,mg_g,0.238440001,1.022240375,0.03158215,0.126793314,57,65,2021
p_meta,,,Ma_2023,leaf_p_area,yellow_river_delta,,,38,118.7,,12.5,660,coastal,,field,,saltwort salsa,,NA,NA,f,_010,_0000,0,0,0,0,0,0,0,1,0,0,0,0,0,0,0,0,0,2021,1,,NA,01_05_2021,31_10_2021,1,NA,treatment,0.069298246,0.179230769,g_m2,0.025764015,0.140782497,0.003412527,0.01746192,57,65,2021
p_meta,,,Ma_2023,rgr,yellow_river_delta,,,38,118.7,,12.5,660,coastal,,field,,saltwort salsa,,NA,NA,f,_010,_0000,0,0,0,0,0,0,0,1,0,0,0,0,0,0,0,0,0,2021,1,,NA,01_05_2021,31_10_2021,1,NA,treatment,0.117017544,1.009538462,mm_day,1.085694256,0.933905494,0.143803717,0.11583672,57,65,2021
p_meta,,,Ma_2023,amax,yellow_river_delta,,,38,118.7,,12.5,660,coastal,,field,,saltwort salsa,,NA,NA,f,_010,_0000,0,0,0,0,0,0,0,1,0,0,0,0,0,0,0,0,0,2021,1,,NA,01_05_2021,31_10_2021,1,NA,treatment,8.4375,13.15875,umol_m2_s,5.263532652,6.116474111,0.697171931,0.758655243,57,65,2021
p_meta,,,Ma_2023,vcmax,yellow_river_delta,,,38,118.7,,12.5,660,coastal,,field,,saltwort salsa,,NA,NA,f,_010,_0000,0,0,0,0,0,0,0,1,0,0,0,0,0,0,0,0,0,2021,1,,NA,01_05_2021,31_10_2021,1,NA,treatment,31.75923077,57.57730159,umol_m2_s,19.58136618,19.8356756,2.59361531,2.460312758,57,65,2021
p_meta,,,Ma_2023,jmax,yellow_river_delta,,,38,118.7,,12.5,660,coastal,,field,,saltwort salsa,,NA,NA,f,_010,_0000,0,0,0,0,0,0,0,1,0,0,0,0,0,0,0,0,0,2021,1,,NA,01_05_2021,31_10_2021,1,NA,treatment,55.95653846,105.1536508,umol_m2_s,24.62176662,24.62176662,3.261232658,6.855662354,57,65,2021
p_meta,,,Ma_2023,leaf_pue,yellow_river_delta,,,38,118.7,,12.5,660,coastal,,field,,saltwort salsa,,NA,NA,f,_010,_0000,0,0,0,0,0,0,0,1,0,0,0,0,0,0,0,0,0,2021,1,,NA,01_05_2021,31_10_2021,1,NA,treatment,134.6284615,93.52328125,umol_mol_s,110.759687,57.76247244,14.67047892,7.164552938,57,65,2021
p_meta,,,Ma_2023,leaf_nue,yellow_river_delta,,,38,118.7,,12.5,660,coastal,,field,,saltwort salsa,,NA,NA,f,_010,_0000,0,0,0,0,0,0,0,1,0,0,0,0,0,0,0,0,0,2021,1,,NA,01_05_2021,31_10_2021,1,NA,treatment,3.997692308,7.24671875,umol_mol_s,3.313544169,4.073550791,0.438889647,0.505261791,57,65,2021
p_meta,,,Ma_2023,leaf_p_inorg,yellow_river_delta,,,38,118.7,,12.5,660,coastal,,field,,saltwort salsa,,NA,NA,f,_010,_0000,0,0,0,0,0,0,0,1,0,0,0,0,0,0,0,0,0,2021,1,,NA,01_05_2021,31_10_2021,1,NA,treatment,0.158245614,0.977692308,mg_g,0.101912477,0.801513742,0.013498637,0.099415544,57,65,2021
p_meta,,,Ma_2023,leaf_p_ester,yellow_river_delta,,,38,118.7,,12.5,660,coastal,,field,,saltwort salsa,,NA,NA,f,_010,_0000,0,0,0,0,0,0,0,1,0,0,0,0,0,0,0,0,0,2021,1,,NA,01_05_2021,31_10_2021,1,NA,treatment,0.107894737,0.349692308,mg_g,0.046319421,0.214220748,0.006135157,0.026570814,57,65,2021
p_meta,,,Ma_2023,leaf_p_nucleic,yellow_river_delta,,,38,118.7,,12.5,660,coastal,,field,,saltwort salsa,,NA,NA,f,_010,_0000,0,0,0,0,0,0,0,1,0,0,0,0,0,0,0,0,0,2021,1,,NA,01_05_2021,31_10_2021,1,NA,treatment,0.199298246,0.392769231,mg_g,0.088213613,0.130629578,0.011684179,0.016202605,57,65,2021
p_meta,,,Ma_2023,leaf_p_lipid,yellow_river_delta,,,38,118.7,,12.5,660,coastal,,field,,saltwort salsa,,NA,NA,f,_010,_0000,0,0,0,0,0,0,0,1,0,0,0,0,0,0,0,0,0,2021,1,,NA,01_05_2021,31_10_2021,1,NA,treatment,0.178245614,0.323846154,mg_g,0.063135987,0.104712289,0.008362566,0.012987961,57,65,2021
p_meta,,,Ma_2023,leaf_p_residual,yellow_river_delta,,,38,118.7,,12.5,660,coastal,,field,,saltwort salsa,,NA,NA,f,_010,_0000,0,0,0,0,0,0,0,1,0,0,0,0,0,0,0,0,0,2021,1,,NA,01_05_2021,31_10_2021,1,NA,treatment,0.072105263,0.090307692,mg_g,0.019061633,0.024935494,0.002524775,0.003092867,57,65,2021
p_meta,,,Mo_2019,anet,xiaoliang_station,,,21.45,110.9,,23,1400,forest,broadleaf,field,restored,"C. cyrtophyllum, P. rubra, S. bullockii, S. octophylla, U. microcarpa",tree_shrub,NA,NA,f,_100,_0000,0,0,0,0,0,10,0,0,0,0,0,0,0,0,0,0,0,2009,6,,NA,2009,2015,2015,NA,treatment,8.196773016,7.386826667,umol_m2_s,4.824284154,3.335806558,0.964856831,0.667161312,25,25,2015
p_meta,,,Mo_2019,anet,xiaoliang_station,,,21.45,110.9,,23,1400,forest,broadleaf,field,restored,"C. cyrtophyllum, P. rubra, S. bullockii, S. octophylla, U. microcarpa",tree_shrub,NA,NA,f,_010,_0000,0,0,0,0,0,0,0,10,0,0,0,0,0,0,0,0,0,2009,6,,NA,2009,2015,2015,NA,treatment,8.196773016,7.8376404,umol_m2_s,4.824284154,4.527219237,0.964856831,0.88786074,25,26,2015
p_meta,,,Mo_2019,anet,xiaoliang_station,,,21.45,110.9,,23,1400,forest,broadleaf,field,restored,"C. cyrtophyllum, P. rubra, S. bullockii, S. octophylla, U. microcarpa",tree_shrub,NA,NA,f,_110,_0000,0,0,0,0,0,10,0,10,0,0,0,0,0,0,0,0,0,2009,6,,NA,2009,2015,2015,NA,treatment,8.196773016,7.690799999,umol_m2_s,4.824284154,4.615805059,0.964856831,0.923161012,25,25,2015
p_meta,,,Mo_2019,anet_mass,xiaoliang_station,,,21.45,110.9,,23,1400,forest,broadleaf,field,restored,"C. cyrtophyllum, P. rubra, S. bullockii, S. octophylla, U. microcarpa",tree_shrub,NA,NA,f,_100,_0000,0,0,0,0,0,10,0,0,0,0,0,0,0,0,0,0,0,2009,6,,NA,2009,2015,2015,NA,treatment,131.7770554,128.7975887,umol_g_s,80.39867862,75.91311477,16.07973572,15.18262295,25,25,2015
p_meta,,,Mo_2019,anet_mass,xiaoliang_station,,,21.45,110.9,,23,1400,forest,broadleaf,field,restored,"C. cyrtophyllum, P. rubra, S. bullockii, S. octophylla, U. microcarpa",tree_shrub,NA,NA,f,_010,_0000,0,0,0,0,0,0,0,10,0,0,0,0,0,0,0,0,0,2009,6,,NA,2009,2015,2015,NA,treatment,131.7770554,166.5053899,umol_g_s,80.39867862,133.2547102,16.07973572,26.13339875,25,26,2015
p_meta,,,Mo_2019,anet_mass,xiaoliang_station,,,21.45,110.9,,23,1400,forest,broadleaf,field,restored,"C. cyrtophyllum, P. rubra, S. bullockii, S. octophylla, U. microcarpa",tree_shrub,NA,NA,f,_110,_0000,0,0,0,0,0,10,0,10,0,0,0,0,0,0,0,0,0,2009,6,,NA,2009,2015,2015,NA,treatment,131.7770554,144.1804912,umol_g_s,80.39867862,82.63432641,16.07973572,16.52686528,25,25,2015
p_meta,,,Mo_2019,lma,xiaoliang_station,,,21.45,110.9,,23,1400,forest,broadleaf,field,restored,"C. cyrtophyllum, P. rubra, S. bullockii, S. octophylla, U. microcarpa",tree_shrub,NA,NA,f,_100,_0000,0,0,0,0,0,10,0,0,0,0,0,0,0,0,0,0,0,2009,6,,NA,2009,2015,2015,NA,treatment,63.32329252,62.63553771,g_m2,12.60487844,15.33843654,2.520975687,3.067687309,25,25,2015
p_meta,,,Mo_2019,lma,xiaoliang_station,,,21.45,110.9,,23,1400,forest,broadleaf,field,restored,"C. cyrtophyllum, P. rubra, S. bullockii, S. octophylla, U. microcarpa",tree_shrub,NA,NA,f,_010,_0000,0,0,0,0,0,0,0,10,0,0,0,0,0,0,0,0,0,2009,6,,NA,2009,2015,2015,NA,treatment,63.32329252,56.01429784,g_m2,12.60487844,18.82346864,2.520975687,3.69158592,25,26,2015
p_meta,,,Mo_2019,lma,xiaoliang_station,,,21.45,110.9,,23,1400,forest,broadleaf,field,restored,"C. cyrtophyllum, P. rubra, S. bullockii, S. octophylla, U. microcarpa",tree_shrub,NA,NA,f,_110,_0000,0,0,0,0,0,10,0,10,0,0,0,0,0,0,0,0,0,2009,6,,NA,2009,2015,2015,NA,treatment,63.32329252,55.89592933,g_m2,12.60487844,17.70628545,2.520975687,3.541257091,25,25,2015
p_meta,,,Mo_2019,leaf_n_mass,xiaoliang_station,,,21.45,110.9,,23,1400,forest,broadleaf,field,restored,"C. cyrtophyllum, P. rubra, S. bullockii, S. octophylla, U. microcarpa",tree_shrub,NA,NA,f,_100,_0000,0,0,0,0,0,10,0,0,0,0,0,0,0,0,0,0,0,2009,6,,NA,2009,2015,2015,NA,treatment,20.9109714,23.88488024,mg_g,7.345694325,9.329222458,1.469138865,1.865844492,25,25,2015
p_meta,,,Mo_2019,leaf_n_mass,xiaoliang_station,,,21.45,110.9,,23,1400,forest,broadleaf,field,restored,"C. cyrtophyllum, P. rubra, S. bullockii, S. octophylla, U. microcarpa",tree_shrub,NA,NA,f,_010,_0000,0,0,0,0,0,0,0,10,0,0,0,0,0,0,0,0,0,2009,6,,NA,2009,2015,2015,NA,treatment,20.9109714,23.38725236,mg_g,7.345694325,8.84404916,1.469138865,1.73446074,25,26,2015
p_meta,,,Mo_2019,leaf_n_mass,xiaoliang_station,,,21.45,110.9,,23,1400,forest,broadleaf,field,restored,"C. cyrtophyllum, P. rubra, S. bullockii, S. octophylla, U. microcarpa",tree_shrub,NA,NA,f,_110,_0000,0,0,0,0,0,10,0,10,0,0,0,0,0,0,0,0,0,2009,6,,NA,2009,2015,2015,NA,treatment,20.9109714,25.48995534,mg_g,7.345694325,12.4120345,1.469138865,2.482406899,25,25,2015
p_meta,,,Mo_2019,leaf_n_area,xiaoliang_station,,,21.45,110.9,,23,1400,forest,broadleaf,field,restored,"C. cyrtophyllum, P. rubra, S. bullockii, S. octophylla, U. microcarpa",tree_shrub,NA,NA,f,_100,_0000,0,0,0,0,0,10,0,0,0,0,0,0,0,0,0,0,0,2009,6,,NA,2009,2015,2015,NA,treatment,1.257408323,1.377219233,g_m2,0.25901958,0.233649339,0.051803916,0.046729868,25,25,2015
p_meta,,,Mo_2019,leaf_n_area,xiaoliang_station,,,21.45,110.9,,23,1400,forest,broadleaf,field,restored,"C. cyrtophyllum, P. rubra, S. bullockii, S. octophylla, U. microcarpa",tree_shrub,NA,NA,f,_010,_0000,0,0,0,0,0,0,0,10,0,0,0,0,0,0,0,0,0,2009,6,,NA,2009,2015,2015,NA,treatment,1.257408323,1.194734525,g_m2,0.25901958,0.29459882,0.051803916,0.057775582,25,26,2015
p_meta,,,Mo_2019,leaf_n_area,xiaoliang_station,,,21.45,110.9,,23,1400,forest,broadleaf,field,restored,"C. cyrtophyllum, P. rubra, S. bullockii, S. octophylla, U. microcarpa",tree_shrub,NA,NA,f,_110,_0000,0,0,0,0,0,10,0,10,0,0,0,0,0,0,0,0,0,2009,6,,NA,2009,2015,2015,NA,treatment,1.257408323,1.258415096,g_m2,0.25901958,0.292666958,0.051803916,0.058533392,25,25,2015
p_meta,,,Mo_2019,leaf_p_mass,xiaoliang_station,,,21.45,110.9,,23,1400,forest,broadleaf,field,restored,"C. cyrtophyllum, P. rubra, S. bullockii, S. octophylla, U. microcarpa",tree_shrub,NA,NA,f,_100,_0000,0,0,0,0,0,10,0,0,0,0,0,0,0,0,0,0,0,2009,6,,NA,2009,2015,2015,NA,treatment,0.867245486,0.954358528,mg_g,0.205578391,0.280018794,0.041115678,0.056003759,25,25,2015
p_meta,,,Mo_2019,leaf_p_mass,xiaoliang_station,,,21.45,110.9,,23,1400,forest,broadleaf,field,restored,"C. cyrtophyllum, P. rubra, S. bullockii, S. octophylla, U. microcarpa",tree_shrub,NA,NA,f,_010,_0000,0,0,0,0,0,0,0,10,0,0,0,0,0,0,0,0,0,2009,6,,NA,2009,2015,2015,NA,treatment,0.867245486,1.409006371,mg_g,0.205578391,0.658626141,0.041115678,0.129167213,25,26,2015
p_meta,,,Mo_2019,leaf_p_mass,xiaoliang_station,,,21.45,110.9,,23,1400,forest,broadleaf,field,restored,"C. cyrtophyllum, P. rubra, S. bullockii, S. octophylla, U. microcarpa",tree_shrub,NA,NA,f,_110,_0000,0,0,0,0,0,10,0,10,0,0,0,0,0,0,0,0,0,2009,6,,NA,2009,2015,2015,NA,treatment,0.867245486,1.437126721,mg_g,0.205578391,0.697275314,0.041115678,0.139455063,25,25,2015
p_meta,,,Mo_2019,leaf_p_area,xiaoliang_station,,,21.45,110.9,,23,1400,forest,broadleaf,field,restored,"C. cyrtophyllum, P. rubra, S. bullockii, S. octophylla, U. microcarpa",tree_shrub,NA,NA,f,_100,_0000,0,0,0,0,0,10,0,0,0,0,0,0,0,0,0,0,0,2009,6,,NA,2009,2015,2015,NA,treatment,0.053550376,0.056983253,g_m2,0.010855202,0.014253704,0.00217104,0.002850741,25,25,2015
p_meta,,,Mo_2019,leaf_p_area,xiaoliang_station,,,21.45,110.9,,23,1400,forest,broadleaf,field,restored,"C. cyrtophyllum, P. rubra, S. bullockii, S. octophylla, U. microcarpa",tree_shrub,NA,NA,f,_010,_0000,0,0,0,0,0,0,0,10,0,0,0,0,0,0,0,0,0,2009,6,,NA,2009,2015,2015,NA,treatment,0.053550376,0.07202123,g_m2,0.010855202,0.022460022,0.00217104,0.004404773,25,26,2015
p_meta,,,Mo_2019,leaf_p_area,xiaoliang_station,,,21.45,110.9,,23,1400,forest,broadleaf,field,restored,"C. cyrtophyllum, P. rubra, S. bullockii, S. octophylla, U. microcarpa",tree_shrub,NA,NA,f,_110,_0000,0,0,0,0,0,10,0,10,0,0,0,0,0,0,0,0,0,2009,6,,NA,2009,2015,2015,NA,treatment,0.053550376,0.070765579,g_m2,0.010855202,0.016254357,0.00217104,0.003250871,25,25,2015
p_meta,,,Mo_2019,leaf_nue,xiaoliang_station,,,21.45,110.9,,23,1400,forest,broadleaf,field,restored,"C. cyrtophyllum, P. rubra, S. bullockii, S. octophylla, U. microcarpa",tree_shrub,NA,NA,f,_100,_0000,0,0,0,0,0,10,0,0,0,0,0,0,0,0,0,0,0,2009,6,,NA,2009,2015,2015,NA,treatment,96.30088272,75.85258272,umol_mmol_s,60.3578094,34.79711902,12.07156188,6.959423803,25,25,2015
p_meta,,,Mo_2019,leaf_nue,xiaoliang_station,,,21.45,110.9,,23,1400,forest,broadleaf,field,restored,"C. cyrtophyllum, P. rubra, S. bullockii, S. octophylla, U. microcarpa",tree_shrub,NA,NA,f,_010,_0000,0,0,0,0,0,0,0,10,0,0,0,0,0,0,0,0,0,2009,6,,NA,2009,2015,2015,NA,treatment,96.30088272,95.41107138,umol_mmol_s,60.3578094,54.52161999,12.07156188,10.69256939,25,26,2015
p_meta,,,Mo_2019,leaf_nue,xiaoliang_station,,,21.45,110.9,,23,1400,forest,broadleaf,field,restored,"C. cyrtophyllum, P. rubra, S. bullockii, S. octophylla, U. microcarpa",tree_shrub,NA,NA,f,_110,_0000,0,0,0,0,0,10,0,10,0,0,0,0,0,0,0,0,0,2009,6,,NA,2009,2015,2015,NA,treatment,96.30088272,92.77106158,umol_mmol_s,60.3578094,61.97273669,12.07156188,12.39454734,25,25,2015
p_meta,,,Mo_2019,leaf_pue,xiaoliang_station,,,21.45,110.9,,23,1400,forest,broadleaf,field,restored,"C. cyrtophyllum, P. rubra, S. bullockii, S. octophylla, U. microcarpa",tree_shrub,NA,NA,f,_100,_0000,0,0,0,0,0,10,0,0,0,0,0,0,0,0,0,0,0,2009,6,,NA,2009,2015,2015,NA,treatment,4914.516581,4233.915996,umol_mmol_s,3159.289025,2216.768338,631.857805,443.3536676,25,25,2015
p_meta,,,Mo_2019,leaf_pue,xiaoliang_station,,,21.45,110.9,,23,1400,forest,broadleaf,field,restored,"C. cyrtophyllum, P. rubra, S. bullockii, S. octophylla, U. microcarpa",tree_shrub,NA,NA,f,_010,_0000,0,0,0,0,0,0,0,10,0,0,0,0,0,0,0,0,0,2009,6,,NA,2009,2015,2015,NA,treatment,4914.516581,3550.464366,umol_mmol_s,3159.289025,1978.662292,631.857805,388.0476014,25,26,2015
p_meta,,,Mo_2019,leaf_pue,xiaoliang_station,,,21.45,110.9,,23,1400,forest,broadleaf,field,restored,"C. cyrtophyllum, P. rubra, S. bullockii, S. octophylla, U. microcarpa",tree_shrub,NA,NA,f,_110,_0000,0,0,0,0,0,10,0,10,0,0,0,0,0,0,0,0,0,2009,6,,NA,2009,2015,2015,NA,treatment,4914.516581,3515.011503,umol_mmol_s,3159.289025,2184.31124,631.857805,436.8622479,25,25,2015
p_meta,,,Mo_2019,leaf_metabolic_p,xiaoliang_station,,,21.45,110.9,,23,1400,forest,broadleaf,field,restored,"C. cyrtophyllum, P. rubra, S. bullockii, S. octophylla, U. microcarpa",tree_shrub,NA,NA,f,_100,_0000,0,0,0,0,0,10,0,0,0,0,0,0,0,0,0,0,0,2009,6,,NA,2009,2015,2015,NA,treatment,0.206281368,0.264613631,mg_g,0.148847419,0.155291423,0.029769484,0.031058285,25,25,2015
p_meta,,,Mo_2019,leaf_metabolic_p,xiaoliang_station,,,21.45,110.9,,23,1400,forest,broadleaf,field,restored,"C. cyrtophyllum, P. rubra, S. bullockii, S. octophylla, U. microcarpa",tree_shrub,NA,NA,f,_010,_0000,0,0,0,0,0,0,0,10,0,0,0,0,0,0,0,0,0,2009,6,,NA,2009,2015,2015,NA,treatment,0.206281368,0.543312736,mg_g,0.148847419,0.435063537,0.029769484,0.085322979,25,26,2015
p_meta,,,Mo_2019,leaf_metabolic_p,xiaoliang_station,,,21.45,110.9,,23,1400,forest,broadleaf,field,restored,"C. cyrtophyllum, P. rubra, S. bullockii, S. octophylla, U. microcarpa",tree_shrub,NA,NA,f,_110,_0000,0,0,0,0,0,10,0,10,0,0,0,0,0,0,0,0,0,2009,6,,NA,2009,2015,2015,NA,treatment,0.206281368,0.525326182,mg_g,0.148847419,0.478510867,0.029769484,0.095702173,25,25,2015
p_meta,,,Mo_2019,leaf_nucleic_p,xiaoliang_station,,,21.45,110.9,,23,1400,forest,broadleaf,field,restored,"C. cyrtophyllum, P. rubra, S. bullockii, S. octophylla, U. microcarpa",tree_shrub,NA,NA,f,_100,_0000,0,0,0,0,0,10,0,0,0,0,0,0,0,0,0,0,0,2009,6,,NA,2009,2015,2015,NA,treatment,0.209606565,0.219435333,mg_g,0.061859137,0.069337356,0.012371827,0.013867471,25,25,2015
p_meta,,,Mo_2019,leaf_nucleic_p,xiaoliang_station,,,21.45,110.9,,23,1400,forest,broadleaf,field,restored,"C. cyrtophyllum, P. rubra, S. bullockii, S. octophylla, U. microcarpa",tree_shrub,NA,NA,f,_010,_0000,0,0,0,0,0,0,0,10,0,0,0,0,0,0,0,0,0,2009,6,,NA,2009,2015,2015,NA,treatment,0.209606565,0.293702195,mg_g,0.061859137,0.097508725,0.012371827,0.019123034,25,26,2015
p_meta,,,Mo_2019,leaf_nucleic_p,xiaoliang_station,,,21.45,110.9,,23,1400,forest,broadleaf,field,restored,"C. cyrtophyllum, P. rubra, S. bullockii, S. octophylla, U. microcarpa",tree_shrub,NA,NA,f,_110,_0000,0,0,0,0,0,10,0,10,0,0,0,0,0,0,0,0,0,2009,6,,NA,2009,2015,2015,NA,treatment,0.209606565,0.290419534,mg_g,0.061859137,0.111565604,0.012371827,0.022313121,25,25,2015
p_meta,,,Mo_2019,leaf_structural_p,xiaoliang_station,,,21.45,110.9,,23,1400,forest,broadleaf,field,restored,"C. cyrtophyllum, P. rubra, S. bullockii, S. octophylla, U. microcarpa",tree_shrub,NA,NA,f,_100,_0000,0,0,0,0,0,10,0,0,0,0,0,0,0,0,0,0,0,2009,6,,NA,2009,2015,2015,NA,treatment,0.233405287,0.245299677,mg_g,0.096565561,0.109919024,0.019313112,0.021983805,25,25,2015
p_meta,,,Mo_2019,leaf_structural_p,xiaoliang_station,,,21.45,110.9,,23,1400,forest,broadleaf,field,restored,"C. cyrtophyllum, P. rubra, S. bullockii, S. octophylla, U. microcarpa",tree_shrub,NA,NA,f,_010,_0000,0,0,0,0,0,0,0,10,0,0,0,0,0,0,0,0,0,2009,6,,NA,2009,2015,2015,NA,treatment,0.233405287,0.323880773,mg_g,0.096565561,0.173785348,0.019313112,0.034082111,25,26,2015
p_meta,,,Mo_2019,leaf_structural_p,xiaoliang_station,,,21.45,110.9,,23,1400,forest,broadleaf,field,restored,"C. cyrtophyllum, P. rubra, S. bullockii, S. octophylla, U. microcarpa",tree_shrub,NA,NA,f,_110,_0000,0,0,0,0,0,10,0,10,0,0,0,0,0,0,0,0,0,2009,6,,NA,2009,2015,2015,NA,treatment,0.233405287,0.294410642,mg_g,0.096565561,0.153797667,0.019313112,0.030759533,25,25,2015
p_meta,,,Mo_2019,leaf_residual_p,xiaoliang_station,,,21.45,110.9,,23,1400,forest,broadleaf,field,restored,"C. cyrtophyllum, P. rubra, S. bullockii, S. octophylla, U. microcarpa",tree_shrub,NA,NA,f,_100,_0000,0,0,0,0,0,10,0,0,0,0,0,0,0,0,0,0,0,2009,6,,NA,2009,2015,2015,NA,treatment,0.249133635,0.235009887,mg_g,0.12810516,0.137616686,0.025621032,0.027523337,25,25,2015
p_meta,,,Mo_2019,leaf_residual_p,xiaoliang_station,,,21.45,110.9,,23,1400,forest,broadleaf,field,restored,"C. cyrtophyllum, P. rubra, S. bullockii, S. octophylla, U. microcarpa",tree_shrub,NA,NA,f,_010,_0000,0,0,0,0,0,0,0,10,0,0,0,0,0,0,0,0,0,2009,6,,NA,2009,2015,2015,NA,treatment,0.249133635,0.268184135,mg_g,0.12810516,0.166379052,0.025621032,0.032629617,25,26,2015
p_meta,,,Mo_2019,leaf_residual_p,xiaoliang_station,,,21.45,110.9,,23,1400,forest,broadleaf,field,restored,"C. cyrtophyllum, P. rubra, S. bullockii, S. octophylla, U. microcarpa",tree_shrub,NA,NA,f,_110,_0000,0,0,0,0,0,10,0,10,0,0,0,0,0,0,0,0,0,2009,6,,NA,2009,2015,2015,NA,treatment,0.249133635,0.346314562,mg_g,0.12810516,0.172491128,0.025621032,0.034498226,25,25,2015
p_meta,,,Mo_2021,leaf_n_mass,xiaoliang_station,,,21.45,110.9,,23,1400,forest,broadleaf,field,restored,"C. cyrtophyllum, P. rubra, S. bullockii, S. octophylla, U. microcarpa",tree_shrub,NA,NA,f,_100,_0000,0,0,0,0,0,10,0,0,0,0,0,0,0,0,0,0,0,2009,8,,NA,2009,2017,2017,NA,treatment,22.3,26.1,mg_g,4.024922359,3.577708764,1.8,1.6,5,5,2017
p_meta,,,Mo_2021,leaf_n_mass,xiaoliang_station,,,21.45,110.9,,23,1400,forest,broadleaf,field,restored,"C. cyrtophyllum, P. rubra, S. bullockii, S. octophylla, U. microcarpa",tree_shrub,NA,NA,f,_010,_0000,0,0,0,0,0,0,0,10,0,0,0,0,0,0,0,0,0,2009,8,,NA,2009,2017,2017,NA,treatment,22.3,22.3,mg_g,4.024922359,4.024922359,1.8,1.8,5,5,2017
p_meta,,,Mo_2021,leaf_n_mass,xiaoliang_station,,,21.45,110.9,,23,1400,forest,broadleaf,field,restored,"C. cyrtophyllum, P. rubra, S. bullockii, S. octophylla, U. microcarpa",tree_shrub,NA,NA,f,_110,_0000,0,0,0,0,0,10,0,10,0,0,0,0,0,0,0,0,0,2009,8,,NA,2009,2017,2017,NA,treatment,22.3,26.5,mg_g,4.024922359,4.024922359,1.8,1.8,5,5,2017
p_meta,,,Mo_2021,leaf_p_mass,xiaoliang_station,,,21.45,110.9,,23,1400,forest,broadleaf,field,restored,"C. cyrtophyllum, P. rubra, S. bullockii, S. octophylla, U. microcarpa",tree_shrub,NA,NA,f,_100,_0000,0,0,0,0,0,10,0,0,0,0,0,0,0,0,0,0,0,2009,8,,NA,2009,2017,2017,NA,treatment,0.87,0.94,mg_g,0.156524758,0.134164079,0.07,0.06,5,5,2017
p_meta,,,Mo_2021,leaf_p_mass,xiaoliang_station,,,21.45,110.9,,23,1400,forest,broadleaf,field,restored,"C. cyrtophyllum, P. rubra, S. bullockii, S. octophylla, U. microcarpa",tree_shrub,NA,NA,f,_010,_0000,0,0,0,0,0,0,0,10,0,0,0,0,0,0,0,0,0,2009,8,,NA,2009,2017,2017,NA,treatment,0.87,1.82,mg_g,0.156524758,0.491934955,0.07,0.22,5,5,2017
p_meta,,,Mo_2021,leaf_p_mass,xiaoliang_station,,,21.45,110.9,,23,1400,forest,broadleaf,field,restored,"C. cyrtophyllum, P. rubra, S. bullockii, S. octophylla, U. microcarpa",tree_shrub,NA,NA,f,_110,_0000,0,0,0,0,0,10,0,10,0,0,0,0,0,0,0,0,0,2009,8,,NA,2009,2017,2017,NA,treatment,0.87,1.46,mg_g,0.156524758,0.268328157,0.07,0.12,5,5,2017
p_meta,,,Yu_2022,spad,jiangfeng_national_nature_reserve,,,18.7,108.9,870,19.7,2198,forest,tropical,field,natural,"Fagaceae, Lauraceae",tree,NA,NA,f,_100,_0000,0,0,0,0,0,5,0,0,0,0,0,0,0,0,0,0,0,2010,10,,NA,2010,2020,2020,NA,treatment,49.24,50.47,unitless,4.066152973,3.919183588,0.83,0.8,24,24,2020
p_meta,,,Yu_2022,spad,jiangfeng_national_nature_reserve,,,18.7,108.9,870,19.7,2198,forest,tropical,field,natural,"Fagaceae, Lauraceae",tree,NA,NA,f,_010,_0000,0,0,0,0,0,0,0,5,0,0,0,0,0,0,0,0,0,2010,10,,NA,2010,2020,2020,NA,treatment,49.24,46.31,unitless,4.066152973,35.46861148,0.83,7.24,24,24,2020
p_meta,,,Yu_2022,spad,jiangfeng_national_nature_reserve,,,18.7,108.9,870,19.7,2198,forest,tropical,field,natural,"Fagaceae, Lauraceae",tree,NA,NA,f,_110,_0000,0,0,0,0,0,5,0,5,0,0,0,0,0,0,0,0,0,2010,10,,NA,2010,2020,2020,NA,treatment,49.24,48.42,unitless,4.066152973,36.44840737,0.83,7.44,24,24,2020
p_meta,,,Yu_2022,leaf_thickness,jiangfeng_national_nature_reserve,,,18.7,108.9,870,19.7,2198,forest,tropical,field,natural,"Fagaceae, Lauraceae",tree,NA,NA,f,_100,_0000,0,0,0,0,0,5,0,0,0,0,0,0,0,0,0,0,0,2010,10,,NA,2010,2020,2020,NA,treatment,0.1,0.1,mm,0.048989795,0.048989795,0.01,0.01,24,24,2020
p_meta,,,Yu_2022,leaf_thickness,jiangfeng_national_nature_reserve,,,18.7,108.9,870,19.7,2198,forest,tropical,field,natural,"Fagaceae, Lauraceae",tree,NA,NA,f,_010,_0000,0,0,0,0,0,0,0,5,0,0,0,0,0,0,0,0,0,2010,10,,NA,2010,2020,2020,NA,treatment,0.1,0.11,mm,0.048989795,0.048989795,0.01,0.01,24,24,2020
p_meta,,,Yu_2022,leaf_thickness,jiangfeng_national_nature_reserve,,,18.7,108.9,870,19.7,2198,forest,tropical,field,natural,"Fagaceae, Lauraceae",tree,NA,NA,f,_110,_0000,0,0,0,0,0,5,0,5,0,0,0,0,0,0,0,0,0,2010,10,,NA,2010,2020,2020,NA,treatment,0.1,0.1,mm,0.048989795,0.048989795,0.01,0.01,24,24,2020
p_meta,,,Yu_2022,sla,jiangfeng_national_nature_reserve,,,18.7,108.9,870,19.7,2198,forest,tropical,field,natural,"Fagaceae, Lauraceae",tree,NA,NA,f,_100,_0000,0,0,0,0,0,5,0,0,0,0,0,0,0,0,0,0,0,2010,10,,NA,2010,2020,2020,NA,treatment,17.45,15.95,m2_kg,3.282316255,2.449489743,0.67,0.5,24,24,2020
p_meta,,,Yu_2022,sla,jiangfeng_national_nature_reserve,,,18.7,108.9,870,19.7,2198,forest,tropical,field,natural,"Fagaceae, Lauraceae",tree,NA,NA,f,_010,_0000,0,0,0,0,0,0,0,5,0,0,0,0,0,0,0,0,0,2010,10,,NA,2010,2020,2020,NA,treatment,17.45,16.89,m2_kg,3.282316255,3.282316255,0.67,0.67,24,24,2020
p_meta,,,Yu_2022,sla,jiangfeng_national_nature_reserve,,,18.7,108.9,870,19.7,2198,forest,tropical,field,natural,"Fagaceae, Lauraceae",tree,NA,NA,f,_110,_0000,0,0,0,0,0,5,0,5,0,0,0,0,0,0,0,0,0,2010,10,,NA,2010,2020,2020,NA,treatment,14.45,17.6,m2_kg,3.282316255,3.576255024,0.67,0.73,24,24,2020
p_meta,,,Yu_2022,ldmc,jiangfeng_national_nature_reserve,,,18.7,108.9,870,19.7,2198,forest,tropical,field,natural,"Fagaceae, Lauraceae",tree,NA,NA,f,_100,_0000,0,0,0,0,0,5,0,0,0,0,0,0,0,0,0,0,0,2010,10,,NA,2010,2020,2020,NA,treatment,363.82,361.95,g_kg,46.05040716,42.62112152,9.4,8.7,24,24,2020
p_meta,,,Yu_2022,ldmc,jiangfeng_national_nature_reserve,,,18.7,108.9,870,19.7,2198,forest,tropical,field,natural,"Fagaceae, Lauraceae",tree,NA,NA,f,_010,_0000,0,0,0,0,0,0,0,5,0,0,0,0,0,0,0,0,0,2010,10,,NA,2010,2020,2020,NA,treatment,363.82,355.62,g_kg,46.05040716,42.62112152,9.4,8.7,24,24,2020
p_meta,,,Yu_2022,ldmc,jiangfeng_national_nature_reserve,,,18.7,108.9,870,19.7,2198,forest,tropical,field,natural,"Fagaceae, Lauraceae",tree,NA,NA,f,_110,_0000,0,0,0,0,0,5,0,5,0,0,0,0,0,0,0,0,0,2010,10,,NA,2010,2020,2020,NA,treatment,363.82,358.03,g_kg,46.05040716,54.91756003,9.4,11.21,24,24,2020
p_meta,,,Yu_2022,leaf_n_mass,jiangfeng_national_nature_reserve,,,18.7,108.9,870,19.7,2198,forest,tropical,field,natural,"Fagaceae, Lauraceae",tree,NA,NA,f,_100,_0000,0,0,0,0,0,5,0,0,0,0,0,0,0,0,0,0,0,2010,10,,NA,2010,2020,2020,NA,treatment,3.08,3.18,g_kg,0.734846923,0.636867333,0.15,0.13,24,24,2020
p_meta,,,Yu_2022,leaf_n_mass,jiangfeng_national_nature_reserve,,,18.7,108.9,870,19.7,2198,forest,tropical,field,natural,"Fagaceae, Lauraceae",tree,NA,NA,f,_010,_0000,0,0,0,0,0,0,0,5,0,0,0,0,0,0,0,0,0,2010,10,,NA,2010,2020,2020,NA,treatment,3.08,3.16,g_kg,0.734846923,0.636867333,0.15,0.13,24,24,2020
p_meta,,,Yu_2022,leaf_n_mass,jiangfeng_national_nature_reserve,,,18.7,108.9,870,19.7,2198,forest,tropical,field,natural,"Fagaceae, Lauraceae",tree,NA,NA,f,_110,_0000,0,0,0,0,0,5,0,5,0,0,0,0,0,0,0,0,0,2010,10,,NA,2010,2020,2020,NA,treatment,3.08,3.09,g_kg,0.734846923,0.636867333,0.15,0.13,24,24,2020
p_meta,,,Yu_2022,leaf_p_mass,jiangfeng_national_nature_reserve,,,18.7,108.9,870,19.7,2198,forest,tropical,field,natural,"Fagaceae, Lauraceae",tree,NA,NA,f,_100,_0000,0,0,0,0,0,5,0,0,0,0,0,0,0,0,0,0,0,2010,10,,NA,2010,2020,2020,NA,treatment,0.06,0.06,g_kg,0,0,0,0,24,24,2020
p_meta,,,Yu_2022,leaf_p_mass,jiangfeng_national_nature_reserve,,,18.7,108.9,870,19.7,2198,forest,tropical,field,natural,"Fagaceae, Lauraceae",tree,NA,NA,f,_010,_0000,0,0,0,0,0,0,0,5,0,0,0,0,0,0,0,0,0,2010,10,,NA,2010,2020,2020,NA,treatment,0.06,0.08,g_kg,0,0,0,0,24,24,2020
p_meta,,,Yu_2022,leaf_p_mass,jiangfeng_national_nature_reserve,,,18.7,108.9,870,19.7,2198,forest,tropical,field,natural,"Fagaceae, Lauraceae",tree,NA,NA,f,_110,_0000,0,0,0,0,0,5,0,5,0,0,0,0,0,0,0,0,0,2010,10,,NA,2010,2020,2020,NA,treatment,0.06,0.08,g_kg,0,0,0,0,24,24,2020
p_meta,,,Yu_2022,leaf_np,jiangfeng_national_nature_reserve,,,18.7,108.9,870,19.7,2198,forest,tropical,field,natural,"Fagaceae, Lauraceae",tree,NA,NA,f,_100,_0000,0,0,0,0,0,5,0,0,0,0,0,0,0,0,0,0,0,2010,10,,NA,2010,2020,2020,NA,treatment,55.22,58.13,unitless,12.24744871,16.26461189,2.5,3.32,24,24,2020
p_meta,,,Yu_2022,leaf_np,jiangfeng_national_nature_reserve,,,18.7,108.9,870,19.7,2198,forest,tropical,field,natural,"Fagaceae, Lauraceae",tree,NA,NA,f,_010,_0000,0,0,0,0,0,0,0,5,0,0,0,0,0,0,0,0,0,2010,10,,NA,2010,2020,2020,NA,treatment,55.22,39.52,unitless,12.24744871,11.56159159,2.5,2.36,24,24,2020
p_meta,,,Yu_2022,leaf_np,jiangfeng_national_nature_reserve,,,18.7,108.9,870,19.7,2198,forest,tropical,field,natural,"Fagaceae, Lauraceae",tree,NA,NA,f,_110,_0000,0,0,0,0,0,5,0,5,0,0,0,0,0,0,0,0,0,2010,10,,NA,2010,2020,2020,NA,treatment,55.22,43.78,unitless,12.24744871,12.73734666,2.5,2.6,24,24,2020
p_meta,,,Verryckt_2022,spad,Nouragues,,,4,-52.6,,26,3000,forest,tropical,field,natural,"Epera falcata, Epera grandiflora, Licania alba, Dicorynia guianensis, Oxandra asbeckii",tree,NA,NA,f,_100,_0000,0,0,0,0,0,12.5,0,0,0,0,0,0,0,0,0,0,0,2015,3,,NA,2015,2019,2019,NA,treatment,46.63849206,55.29083333,unitless,19.1266739,23.64497861,2.789912125,3.738599382,47,40,2019
p_meta,,,Verryckt_2022,spad,Nouragues,,,4,-52.6,,26,3000,forest,tropical,field,natural,"Epera falcata, Epera grandiflora, Licania alba, Dicorynia guianensis, Oxandra asbeckii",tree,NA,NA,f,_010,_0000,0,0,0,0,0,0,0,5,0,0,0,0,0,0,0,0,0,2015,3,,NA,2015,2019,2019,NA,treatment,46.63849206,54.07685185,unitless,19.1266739,25.25119871,2.789912125,4.208533118,47,36,2019
p_meta,,,Verryckt_2022,spad,Nouragues,,,4,-52.6,,26,3000,forest,tropical,field,natural,"Epera falcata, Epera grandiflora, Licania alba, Dicorynia guianensis, Oxandra asbeckii",tree,NA,NA,f,_110,_0000,0,0,0,0,0,12.5,0,5,0,0,0,0,0,0,0,0,0,2015,3,,NA,2015,2019,2019,NA,treatment,46.63849206,42.07761905,unitless,19.1266739,22.72893945,2.789912125,3.841891977,47,35,2019
p_meta,,,Verryckt_2022,lma,Nouragues,,,4,-52.6,,26,3000,forest,tropical,field,natural,"Epera falcata, Epera grandiflora, Licania alba, Dicorynia guianensis, Oxandra asbeckii",tree,NA,NA,f,_100,_0000,0,0,0,0,0,12.5,0,0,0,0,0,0,0,0,0,0,0,2015,3,,NA,2015,2019,2019,NA,treatment,117.4155179,98.49846965,g_m2,36.98277074,29.09161277,5.39449154,4.599787858,47,40,2019
p_meta,,,Verryckt_2022,lma,Nouragues,,,4,-52.6,,26,3000,forest,tropical,field,natural,"Epera falcata, Epera grandiflora, Licania alba, Dicorynia guianensis, Oxandra asbeckii",tree,NA,NA,f,_010,_0000,0,0,0,0,0,0,0,5,0,0,0,0,0,0,0,0,0,2015,3,,NA,2015,2019,2019,NA,treatment,117.4155179,132.283863,g_m2,36.98277074,46.58210248,5.39449154,7.763683747,47,36,2019
p_meta,,,Verryckt_2022,lma,Nouragues,,,4,-52.6,,26,3000,forest,tropical,field,natural,"Epera falcata, Epera grandiflora, Licania alba, Dicorynia guianensis, Oxandra asbeckii",tree,NA,NA,f,_110,_0000,0,0,0,0,0,12.5,0,5,0,0,0,0,0,0,0,0,0,2015,3,,NA,2015,2019,2019,NA,treatment,117.4155179,120.5538191,g_m2,36.98277074,47.15026301,5.39449154,7.969849079,47,35,2019
p_meta,,,Verryckt_2022,leaf_n_mass,Nouragues,,,4,-52.6,,26,3000,forest,tropical,field,natural,"Epera falcata, Epera grandiflora, Licania alba, Dicorynia guianensis, Oxandra asbeckii",tree,NA,NA,f,_100,_0000,0,0,0,0,0,12.5,0,0,0,0,0,0,0,0,0,0,0,2015,3,,NA,2015,2019,2019,NA,treatment,1.562058105,1.554857069,percent,0.534395804,0.422317264,0.077949639,0.066774222,47,40,2019
p_meta,,,Verryckt_2022,leaf_n_mass,Nouragues,,,4,-52.6,,26,3000,forest,tropical,field,natural,"Epera falcata, Epera grandiflora, Licania alba, Dicorynia guianensis, Oxandra asbeckii",tree,NA,NA,f,_010,_0000,0,0,0,0,0,0,0,5,0,0,0,0,0,0,0,0,0,2015,3,,NA,2015,2019,2019,NA,treatment,1.562058105,1.359282422,percent,0.534395804,0.538164006,0.077949639,0.089694001,47,36,2019
p_meta,,,Verryckt_2022,leaf_n_mass,Nouragues,,,4,-52.6,,26,3000,forest,tropical,field,natural,"Epera falcata, Epera grandiflora, Licania alba, Dicorynia guianensis, Oxandra asbeckii",tree,NA,NA,f,_110,_0000,0,0,0,0,0,12.5,0,5,0,0,0,0,0,0,0,0,0,2015,3,,NA,2015,2019,2019,NA,treatment,1.562058105,1.545635159,percent,0.534395804,0.464101638,0.077949639,0.078447495,47,35,2019
p_meta,,,Verryckt_2022,leaf_n_area,Nouragues,,,4,-52.6,,26,3000,forest,tropical,field,natural,"Epera falcata, Epera grandiflora, Licania alba, Dicorynia guianensis, Oxandra asbeckii",tree,NA,NA,f,_100,_0000,0,0,0,0,0,12.5,0,0,0,0,0,0,0,0,0,0,0,2015,3,,NA,2015,2019,2019,NA,treatment,1.748220705,1.490733527,g_m2,0.574717944,0.518745372,0.083831228,0.082020845,47,40,2019
p_meta,,,Verryckt_2022,leaf_n_area,Nouragues,,,4,-52.6,,26,3000,forest,tropical,field,natural,"Epera falcata, Epera grandiflora, Licania alba, Dicorynia guianensis, Oxandra asbeckii",tree,NA,NA,f,_010,_0000,0,0,0,0,0,0,0,5,0,0,0,0,0,0,0,0,0,2015,3,,NA,2015,2019,2019,NA,treatment,1.748220705,1.663647944,g_m2,0.574717944,0.533340258,0.083831228,0.088890043,47,36,2019
p_meta,,,Verryckt_2022,leaf_n_area,Nouragues,,,4,-52.6,,26,3000,forest,tropical,field,natural,"Epera falcata, Epera grandiflora, Licania alba, Dicorynia guianensis, Oxandra asbeckii",tree,NA,NA,f,_110,_0000,0,0,0,0,0,12.5,0,5,0,0,0,0,0,0,0,0,0,2015,3,,NA,2015,2019,2019,NA,treatment,1.748220705,1.758830487,g_m2,0.574717944,0.580991998,0.083831228,0.098205572,47,35,2019
p_meta,,,Verryckt_2022,leaf_p_mass,Nouragues,,,4,-52.6,,26,3000,forest,tropical,field,natural,"Epera falcata, Epera grandiflora, Licania alba, Dicorynia guianensis, Oxandra asbeckii",tree,NA,NA,f,_100,_0000,0,0,0,0,0,12.5,0,0,0,0,0,0,0,0,0,0,0,2015,3,,NA,2015,2019,2019,NA,treatment,0.051673804,0.053424282,percent,0.016737479,0.014744279,0.002441412,0.002331275,47,40,2019
p_meta,,,Verryckt_2022,leaf_p_mass,Nouragues,,,4,-52.6,,26,3000,forest,tropical,field,natural,"Epera falcata, Epera grandiflora, Licania alba, Dicorynia guianensis, Oxandra asbeckii",tree,NA,NA,f,_010,_0000,0,0,0,0,0,0,0,5,0,0,0,0,0,0,0,0,0,2015,3,,NA,2015,2019,2019,NA,treatment,0.051673804,0.061729275,percent,0.016737479,0.046915699,0.002441412,0.007819283,47,36,2019
p_meta,,,Verryckt_2022,leaf_p_mass,Nouragues,,,4,-52.6,,26,3000,forest,tropical,field,natural,"Epera falcata, Epera grandiflora, Licania alba, Dicorynia guianensis, Oxandra asbeckii",tree,NA,NA,f,_110,_0000,0,0,0,0,0,12.5,0,5,0,0,0,0,0,0,0,0,0,2015,3,,NA,2015,2019,2019,NA,treatment,0.051673804,0.070785121,percent,0.016737479,0.046373,0.002441412,0.007838468,47,35,2019
p_meta,,,Verryckt_2022,leaf_p_area,Nouragues,,,4,-52.6,,26,3000,forest,tropical,field,natural,"Epera falcata, Epera grandiflora, Licania alba, Dicorynia guianensis, Oxandra asbeckii",tree,NA,NA,f,_100,_0000,0,0,0,0,0,12.5,0,0,0,0,0,0,0,0,0,0,0,2015,3,,NA,2015,2019,2019,NA,treatment,0.056529413,0.050397173,g_m2,0.014795438,0.016541786,0.002158136,0.002615486,47,40,2019
p_meta,,,Verryckt_2022,leaf_p_area,Nouragues,,,4,-52.6,,26,3000,forest,tropical,field,natural,"Epera falcata, Epera grandiflora, Licania alba, Dicorynia guianensis, Oxandra asbeckii",tree,NA,NA,f,_010,_0000,0,0,0,0,0,0,0,5,0,0,0,0,0,0,0,0,0,2015,3,,NA,2015,2019,2019,NA,treatment,0.056529413,0.072103613,g_m2,0.014795438,0.042327304,0.002158136,0.007054551,47,36,2019
p_meta,,,Verryckt_2022,leaf_p_area,Nouragues,,,4,-52.6,,26,3000,forest,tropical,field,natural,"Epera falcata, Epera grandiflora, Licania alba, Dicorynia guianensis, Oxandra asbeckii",tree,NA,NA,f,_110,_0000,0,0,0,0,0,12.5,0,5,0,0,0,0,0,0,0,0,0,2015,3,,NA,2015,2019,2019,NA,treatment,0.056529413,0.075822484,g_m2,0.014795438,0.033798629,0.002158136,0.005713011,47,35,2019
p_meta,,,Verryckt_2022,leaf_np,Nouragues,,,4,-52.6,,26,3000,forest,tropical,field,natural,"Epera falcata, Epera grandiflora, Licania alba, Dicorynia guianensis, Oxandra asbeckii",tree,NA,NA,f,_100,_0000,0,0,0,0,0,12.5,0,0,0,0,0,0,0,0,0,0,0,2015,3,,NA,2015,2019,2019,NA,treatment,31.45729705,30.1369014,unitless,8.194548326,7.037147391,1.195297722,1.112670699,47,40,2019
p_meta,,,Verryckt_2022,leaf_np,Nouragues,,,4,-52.6,,26,3000,forest,tropical,field,natural,"Epera falcata, Epera grandiflora, Licania alba, Dicorynia guianensis, Oxandra asbeckii",tree,NA,NA,f,_010,_0000,0,0,0,0,0,0,0,5,0,0,0,0,0,0,0,0,0,2015,3,,NA,2015,2019,2019,NA,treatment,31.45729705,26.05441929,unitless,8.194548326,7.590820883,1.195297722,1.265136814,47,36,2019
p_meta,,,Verryckt_2022,leaf_np,Nouragues,,,4,-52.6,,26,3000,forest,tropical,field,natural,"Epera falcata, Epera grandiflora, Licania alba, Dicorynia guianensis, Oxandra asbeckii",tree,NA,NA,f,_110,_0000,0,0,0,0,0,12.5,0,5,0,0,0,0,0,0,0,0,0,2015,3,,NA,2015,2019,2019,NA,treatment,31.45729705,25.41816516,unitless,8.194548326,8.098146033,1.195297722,1.368836515,47,35,2019
p_meta,,,Verryckt_2022,Vcmax,Nouragues,,,4,-52.6,,26,3000,forest,tropical,field,natural,"Epera falcata, Epera grandiflora, Licania alba, Dicorynia guianensis, Oxandra asbeckii",tree,NA,NA,f,_100,_0000,0,0,0,0,0,12.5,0,0,0,0,0,0,0,0,0,0,0,2015,3,,NA,2015,2019,2019,NA,treatment,25.774,16.88045,umol_m2_s,9.595047225,7.037863097,1.399581482,1.112783862,47,40,2019
p_meta,,,Verryckt_2022,Vcmax,Nouragues,,,4,-52.6,,26,3000,forest,tropical,field,natural,"Epera falcata, Epera grandiflora, Licania alba, Dicorynia guianensis, Oxandra asbeckii",tree,NA,NA,f,_010,_0000,0,0,0,0,0,0,0,5,0,0,0,0,0,0,0,0,0,2015,3,,NA,2015,2019,2019,NA,treatment,25.774,23.7755,umol_m2_s,9.595047225,11.22743724,1.399581482,1.87123954,47,36,2019
p_meta,,,Verryckt_2022,Vcmax,Nouragues,,,4,-52.6,,26,3000,forest,tropical,field,natural,"Epera falcata, Epera grandiflora, Licania alba, Dicorynia guianensis, Oxandra asbeckii",tree,NA,NA,f,_110,_0000,0,0,0,0,0,12.5,0,5,0,0,0,0,0,0,0,0,0,2015,3,,NA,2015,2019,2019,NA,treatment,25.774,24.0655,umol_m2_s,9.595047225,10.58509102,1.399581482,1.789206942,47,35,2019
p_meta,,,Verryckt_2022,Jmax,Nouragues,,,4,-52.6,,26,3000,forest,tropical,field,natural,"Epera falcata, Epera grandiflora, Licania alba, Dicorynia guianensis, Oxandra asbeckii",tree,NA,NA,f,_100,_0000,0,0,0,0,0,12.5,0,0,0,0,0,0,0,0,0,0,0,2015,3,,NA,2015,2019,2019,NA,treatment,64.38811364,44.676775,umol_m2_s,22.93117475,20.62039903,3.34485561,3.26037136,47,40,2019
p_meta,,,Verryckt_2022,Jmax,Nouragues,,,4,-52.6,,26,3000,forest,tropical,field,natural,"Epera falcata, Epera grandiflora, Licania alba, Dicorynia guianensis, Oxandra asbeckii",tree,NA,NA,f,_010,_0000,0,0,0,0,0,0,0,5,0,0,0,0,0,0,0,0,0,2015,3,,NA,2015,2019,2019,NA,treatment,64.38811364,62.29552941,umol_m2_s,22.93117475,21.74102555,3.34485561,3.623504258,47,36,2019
p_meta,,,Verryckt_2022,Jmax,Nouragues,,,4,-52.6,,26,3000,forest,tropical,field,natural,"Epera falcata, Epera grandiflora, Licania alba, Dicorynia guianensis, Oxandra asbeckii",tree,NA,NA,f,_110,_0000,0,0,0,0,0,12.5,0,5,0,0,0,0,0,0,0,0,0,2015,3,,NA,2015,2019,2019,NA,treatment,64.38811364,59.94420588,umol_m2_s,22.93117475,27.79398108,3.34485561,4.698040273,47,35,2019
p_meta,,,Verryckt_2022,Rd,Nouragues,,,4,-52.6,,26,3000,forest,tropical,field,natural,"Epera falcata, Epera grandiflora, Licania alba, Dicorynia guianensis, Oxandra asbeckii",tree,NA,NA,f,_100,_0000,0,0,0,0,0,12.5,0,0,0,0,0,0,0,0,0,0,0,2015,3,,NA,2015,2019,2019,NA,treatment,1.028204545,0.859725,umol_m2_s,0.411366446,0.397237124,0.060003963,0.062808704,47,40,2019
p_meta,,,Verryckt_2022,Rd,Nouragues,,,4,-52.6,,26,3000,forest,tropical,field,natural,"Epera falcata, Epera grandiflora, Licania alba, Dicorynia guianensis, Oxandra asbeckii",tree,NA,NA,f,_010,_0000,0,0,0,0,0,0,0,5,0,0,0,0,0,0,0,0,0,2015,3,,NA,2015,2019,2019,NA,treatment,1.028204545,1.156735294,umol_m2_s,0.411366446,0.380402841,0.060003963,0.063400474,47,36,2019
p_meta,,,Verryckt_2022,Rd,Nouragues,,,4,-52.6,,26,3000,forest,tropical,field,natural,"Epera falcata, Epera grandiflora, Licania alba, Dicorynia guianensis, Oxandra asbeckii",tree,NA,NA,f,_110,_0000,0,0,0,0,0,12.5,0,5,0,0,0,0,0,0,0,0,0,2015,3,,NA,2015,2019,2019,NA,treatment,1.028204545,1.073,umol_m2_s,0.411366446,0.653262536,0.060003963,0.110421522,47,35,2019
p_meta,,,Verryckt_2022,spad,Paracou,,,5.3,-52.9,,26,3100,forest,tropical,field,natural,"Epera falcata, Epera grandiflora, Licania alba, Dicorynia guianensis, Oxandra asbeckii",tree,NA,NA,f,_100,_0000,0,0,0,0,0,12.5,0,0,0,0,0,0,0,0,0,0,0,2015,3,,NA,2015,2019,2019,NA,treatment,54.34390244,70.14774775,unitless,25.13166488,35.55252031,3.924906647,5.844798335,41,37,2019
p_meta,,,Verryckt_2022,spad,Paracou,,,5.3,-52.9,,26,3100,forest,tropical,field,natural,"Epera falcata, Epera grandiflora, Licania alba, Dicorynia guianensis, Oxandra asbeckii",tree,NA,NA,f,_010,_0000,0,0,0,0,0,0,0,5,0,0,0,0,0,0,0,0,0,2015,3,,NA,2015,2019,2019,NA,treatment,54.34390244,47.5000813,unitless,25.13166488,17.12323195,3.924906647,2.67419955,41,41,2019
p_meta,,,Verryckt_2022,spad,Paracou,,,5.3,-52.9,,26,3100,forest,tropical,field,natural,"Epera falcata, Epera grandiflora, Licania alba, Dicorynia guianensis, Oxandra asbeckii",tree,NA,NA,f,_110,_0000,0,0,0,0,0,12.5,0,5,0,0,0,0,0,0,0,0,0,2015,3,,NA,2015,2019,2019,NA,treatment,54.34390244,48.47747748,unitless,25.13166488,19.91254654,3.924906647,3.273602485,41,37,2019
p_meta,,,Verryckt_2022,lma,Paracou,,,5.3,-52.9,,26,3100,forest,tropical,field,natural,"Epera falcata, Epera grandiflora, Licania alba, Dicorynia guianensis, Oxandra asbeckii",tree,NA,NA,f,_100,_0000,0,0,0,0,0,12.5,0,0,0,0,0,0,0,0,0,0,0,2015,3,,NA,2015,2019,2019,NA,treatment,138.029488,121.1158111,g_m2,40.13395782,37.43195265,6.267871172,6.153775109,41,37,2019
p_meta,,,Verryckt_2022,lma,Paracou,,,5.3,-52.9,,26,3100,forest,tropical,field,natural,"Epera falcata, Epera grandiflora, Licania alba, Dicorynia guianensis, Oxandra asbeckii",tree,NA,NA,f,_010,_0000,0,0,0,0,0,0,0,5,0,0,0,0,0,0,0,0,0,2015,3,,NA,2015,2019,2019,NA,treatment,138.029488,127.4736457,g_m2,40.13395782,40.32532384,6.267871172,6.297757524,41,41,2019
p_meta,,,Verryckt_2022,lma,Paracou,,,5.3,-52.9,,26,3100,forest,tropical,field,natural,"Epera falcata, Epera grandiflora, Licania alba, Dicorynia guianensis, Oxandra asbeckii",tree,NA,NA,f,_110,_0000,0,0,0,0,0,12.5,0,5,0,0,0,0,0,0,0,0,0,2015,3,,NA,2015,2019,2019,NA,treatment,138.029488,112.3742602,g_m2,40.13395782,34.86265096,6.267871172,5.731384512,41,37,2019
p_meta,,,Verryckt_2022,leaf_n_mass,Paracou,,,5.3,-52.9,,26,3100,forest,tropical,field,natural,"Epera falcata, Epera grandiflora, Licania alba, Dicorynia guianensis, Oxandra asbeckii",tree,NA,NA,f,_100,_0000,0,0,0,0,0,12.5,0,0,0,0,0,0,0,0,0,0,0,2015,3,,NA,2015,2019,2019,NA,treatment,0.984297238,1.348540812,percent,0.321032617,0.450683803,0.050136872,0.074091961,41,37,2019
p_meta,,,Verryckt_2022,leaf_n_mass,Paracou,,,5.3,-52.9,,26,3100,forest,tropical,field,natural,"Epera falcata, Epera grandiflora, Licania alba, Dicorynia guianensis, Oxandra asbeckii",tree,NA,NA,f,_010,_0000,0,0,0,0,0,0,0,5,0,0,0,0,0,0,0,0,0,2015,3,,NA,2015,2019,2019,NA,treatment,0.984297238,1.225233841,percent,0.321032617,0.325625989,0.050136872,0.050854236,41,41,2019
p_meta,,,Verryckt_2022,leaf_n_mass,Paracou,,,5.3,-52.9,,26,3100,forest,tropical,field,natural,"Epera falcata, Epera grandiflora, Licania alba, Dicorynia guianensis, Oxandra asbeckii",tree,NA,NA,f,_110,_0000,0,0,0,0,0,12.5,0,5,0,0,0,0,0,0,0,0,0,2015,3,,NA,2015,2019,2019,NA,treatment,0.984297238,1.431855466,percent,0.321032617,0.457160492,0.050136872,0.075156722,41,37,2019
p_meta,,,Verryckt_2022,leaf_n_area,Paracou,,,5.3,-52.9,,26,3100,forest,tropical,field,natural,"Epera falcata, Epera grandiflora, Licania alba, Dicorynia guianensis, Oxandra asbeckii",tree,NA,NA,f,_100,_0000,0,0,0,0,0,12.5,0,0,0,0,0,0,0,0,0,0,0,2015,3,,NA,2015,2019,2019,NA,treatment,1.309901004,1.595711992,g_m2,0.45840463,0.563407939,0.071590776,0.092623695,41,37,2019
p_meta,,,Verryckt_2022,leaf_n_area,Paracou,,,5.3,-52.9,,26,3100,forest,tropical,field,natural,"Epera falcata, Epera grandiflora, Licania alba, Dicorynia guianensis, Oxandra asbeckii",tree,NA,NA,f,_010,_0000,0,0,0,0,0,0,0,5,0,0,0,0,0,0,0,0,0,2015,3,,NA,2015,2019,2019,NA,treatment,1.309901004,1.491412984,g_m2,0.45840463,0.402871282,0.071590776,0.062917924,41,41,2019
p_meta,,,Verryckt_2022,leaf_n_area,Paracou,,,5.3,-52.9,,26,3100,forest,tropical,field,natural,"Epera falcata, Epera grandiflora, Licania alba, Dicorynia guianensis, Oxandra asbeckii",tree,NA,NA,f,_110,_0000,0,0,0,0,0,12.5,0,5,0,0,0,0,0,0,0,0,0,2015,3,,NA,2015,2019,2019,NA,treatment,1.309901004,1.547853541,g_m2,0.45840463,0.50970421,0.071590776,0.083794856,41,37,2019
p_meta,,,Verryckt_2022,leaf_p_mass,Paracou,,,5.3,-52.9,,26,3100,forest,tropical,field,natural,"Epera falcata, Epera grandiflora, Licania alba, Dicorynia guianensis, Oxandra asbeckii",tree,NA,NA,f,_100,_0000,0,0,0,0,0,12.5,0,0,0,0,0,0,0,0,0,0,0,2015,3,,NA,2015,2019,2019,NA,treatment,0.046782558,0.05019167,percent,0.020221799,0.012902979,0.003158114,0.002121237,41,37,2019
p_meta,,,Verryckt_2022,leaf_p_mass,Paracou,,,5.3,-52.9,,26,3100,forest,tropical,field,natural,"Epera falcata, Epera grandiflora, Licania alba, Dicorynia guianensis, Oxandra asbeckii",tree,NA,NA,f,_010,_0000,0,0,0,0,0,0,0,5,0,0,0,0,0,0,0,0,0,2015,3,,NA,2015,2019,2019,NA,treatment,0.046782558,0.053386774,percent,0.020221799,0.018025949,0.003158114,0.00281518,41,41,2019
p_meta,,,Verryckt_2022,leaf_p_mass,Paracou,,,5.3,-52.9,,26,3100,forest,tropical,field,natural,"Epera falcata, Epera grandiflora, Licania alba, Dicorynia guianensis, Oxandra asbeckii",tree,NA,NA,f,_110,_0000,0,0,0,0,0,12.5,0,5,0,0,0,0,0,0,0,0,0,2015,3,,NA,2015,2019,2019,NA,treatment,0.046782558,0.071579413,percent,0.020221799,0.025015315,0.003158114,0.004112492,41,37,2019
p_meta,,,Verryckt_2022,leaf_p_area,Paracou,,,5.3,-52.9,,26,3100,forest,tropical,field,natural,"Epera falcata, Epera grandiflora, Licania alba, Dicorynia guianensis, Oxandra asbeckii",tree,NA,NA,f,_100,_0000,0,0,0,0,0,12.5,0,0,0,0,0,0,0,0,0,0,0,2015,3,,NA,2015,2019,2019,NA,treatment,0.059791922,0.060288185,g_m2,0.018515084,0.023959715,0.00289157,0.003938953,41,37,2019
p_meta,,,Verryckt_2022,leaf_p_area,Paracou,,,5.3,-52.9,,26,3100,forest,tropical,field,natural,"Epera falcata, Epera grandiflora, Licania alba, Dicorynia guianensis, Oxandra asbeckii",tree,NA,NA,f,_010,_0000,0,0,0,0,0,0,0,5,0,0,0,0,0,0,0,0,0,2015,3,,NA,2015,2019,2019,NA,treatment,0.059791922,0.064717249,g_m2,0.018515084,0.019102656,0.00289157,0.002983334,41,41,2019
p_meta,,,Verryckt_2022,leaf_p_area,Paracou,,,5.3,-52.9,,26,3100,forest,tropical,field,natural,"Epera falcata, Epera grandiflora, Licania alba, Dicorynia guianensis, Oxandra asbeckii",tree,NA,NA,f,_110,_0000,0,0,0,0,0,12.5,0,5,0,0,0,0,0,0,0,0,0,2015,3,,NA,2015,2019,2019,NA,treatment,0.059791922,0.07698796,g_m2,0.018515084,0.024948692,0.00289157,0.00410154,41,37,2019
p_meta,,,Verryckt_2022,leaf_np,Paracou,,,5.3,-52.9,,26,3100,forest,tropical,field,natural,"Epera falcata, Epera grandiflora, Licania alba, Dicorynia guianensis, Oxandra asbeckii",tree,NA,NA,f,_100,_0000,0,0,0,0,0,12.5,0,0,0,0,0,0,0,0,0,0,0,2015,3,,NA,2015,2019,2019,NA,treatment,22.25070143,28.33844427,unitless,6.227771048,10.49583374,0.972614433,1.725504438,41,37,2019
p_meta,,,Verryckt_2022,leaf_np,Paracou,,,5.3,-52.9,,26,3100,forest,tropical,field,natural,"Epera falcata, Epera grandiflora, Licania alba, Dicorynia guianensis, Oxandra asbeckii",tree,NA,NA,f,_010,_0000,0,0,0,0,0,0,0,5,0,0,0,0,0,0,0,0,0,2015,3,,NA,2015,2019,2019,NA,treatment,22.25070143,24.20947347,unitless,6.227771048,6.851558469,0.972614433,1.070033661,41,41,2019
p_meta,,,Verryckt_2022,leaf_np,Paracou,,,5.3,-52.9,,26,3100,forest,tropical,field,natural,"Epera falcata, Epera grandiflora, Licania alba, Dicorynia guianensis, Oxandra asbeckii",tree,NA,NA,f,_110,_0000,0,0,0,0,0,12.5,0,5,0,0,0,0,0,0,0,0,0,2015,3,,NA,2015,2019,2019,NA,treatment,22.25070143,20.83715864,unitless,6.227771048,5.610773495,0.972614433,0.922405481,41,37,2019
p_meta,,,Verryckt_2022,Vcmax,Paracou,,,5.3,-52.9,,26,3100,forest,tropical,field,natural,"Epera falcata, Epera grandiflora, Licania alba, Dicorynia guianensis, Oxandra asbeckii",tree,NA,NA,f,_100,_0000,0,0,0,0,0,12.5,0,0,0,0,0,0,0,0,0,0,0,2015,3,,NA,2015,2019,2019,NA,treatment,23.32730769,23.53689189,umol_m2_s,11.67345594,12.8306249,1.823087528,2.10934174,41,37,2019
p_meta,,,Verryckt_2022,Vcmax,Paracou,,,5.3,-52.9,,26,3100,forest,tropical,field,natural,"Epera falcata, Epera grandiflora, Licania alba, Dicorynia guianensis, Oxandra asbeckii",tree,NA,NA,f,_010,_0000,0,0,0,0,0,0,0,5,0,0,0,0,0,0,0,0,0,2015,3,,NA,2015,2019,2019,NA,treatment,23.32730769,22.12726829,umol_m2_s,11.67345594,9.203898019,1.823087528,1.437407378,41,41,2019
p_meta,,,Verryckt_2022,Vcmax,Paracou,,,5.3,-52.9,,26,3100,forest,tropical,field,natural,"Epera falcata, Epera grandiflora, Licania alba, Dicorynia guianensis, Oxandra asbeckii",tree,NA,NA,f,_110,_0000,0,0,0,0,0,12.5,0,5,0,0,0,0,0,0,0,0,0,2015,3,,NA,2015,2019,2019,NA,treatment,23.32730769,19.86377143,umol_m2_s,11.67345594,11.17234095,1.823087528,1.836721538,41,37,2019
p_meta,,,Verryckt_2022,Jmax,Paracou,,,5.3,-52.9,,26,3100,forest,tropical,field,natural,"Epera falcata, Epera grandiflora, Licania alba, Dicorynia guianensis, Oxandra asbeckii",tree,NA,NA,f,_100,_0000,0,0,0,0,0,12.5,0,0,0,0,0,0,0,0,0,0,0,2015,3,,NA,2015,2019,2019,NA,treatment,57.19553846,60.43297297,umol_m2_s,14.26596354,25.17029796,2.227969193,4.137971495,41,37,2019
p_meta,,,Verryckt_2022,Jmax,Paracou,,,5.3,-52.9,,26,3100,forest,tropical,field,natural,"Epera falcata, Epera grandiflora, Licania alba, Dicorynia guianensis, Oxandra asbeckii",tree,NA,NA,f,_010,_0000,0,0,0,0,0,0,0,5,0,0,0,0,0,0,0,0,0,2015,3,,NA,2015,2019,2019,NA,treatment,57.19553846,58.77778049,umol_m2_s,14.26596354,20.38150772,2.227969193,3.183056734,41,41,2019
p_meta,,,Verryckt_2022,Jmax,Paracou,,,5.3,-52.9,,26,3100,forest,tropical,field,natural,"Epera falcata, Epera grandiflora, Licania alba, Dicorynia guianensis, Oxandra asbeckii",tree,NA,NA,f,_110,_0000,0,0,0,0,0,12.5,0,5,0,0,0,0,0,0,0,0,0,2015,3,,NA,2015,2019,2019,NA,treatment,57.19553846,53.46254286,umol_m2_s,14.26596354,20.36766903,2.227969193,3.348424162,41,37,2019
p_meta,,,Verryckt_2022,Rd,Paracou,,,5.3,-52.9,,26,3100,forest,tropical,field,natural,"Epera falcata, Epera grandiflora, Licania alba, Dicorynia guianensis, Oxandra asbeckii",tree,NA,NA,f,_100,_0000,0,0,0,0,0,12.5,0,0,0,0,0,0,0,0,0,0,0,2015,3,,NA,2015,2019,2019,NA,treatment,1.259243902,1.147675676,umol_m2_s,0.430301045,0.546078192,0.067201733,0.089774702,41,37,2019
p_meta,,,Verryckt_2022,Rd,Paracou,,,5.3,-52.9,,26,3100,forest,tropical,field,natural,"Epera falcata, Epera grandiflora, Licania alba, Dicorynia guianensis, Oxandra asbeckii",tree,NA,NA,f,_010,_0000,0,0,0,0,0,0,0,5,0,0,0,0,0,0,0,0,0,2015,3,,NA,2015,2019,2019,NA,treatment,1.259243902,0.89895122,umol_m2_s,0.430301045,0.227376884,0.067201733,0.035510303,41,41,2019
p_meta,,,Verryckt_2022,Rd,Paracou,,,5.3,-52.9,,26,3100,forest,tropical,field,natural,"Epera falcata, Epera grandiflora, Licania alba, Dicorynia guianensis, Oxandra asbeckii",tree,NA,NA,f,_110,_0000,0,0,0,0,0,12.5,0,5,0,0,0,0,0,0,0,0,0,2015,3,,NA,2015,2019,2019,NA,treatment,1.259243902,1.211833333,umol_m2_s,0.430301045,0.425832127,0.067201733,0.07000637,41,37,2019
p_meta,,,Crous_2017,anet,ANU_glasshouse,,,NA,NA,NA,NA,NA,pot,,chamber,planted,,herbaceous,NA,NA,f,_100,_0000,0,0,0,0,0.4,5,0.002,1,0,0,0,0,0,0,0,0,0,2009,1,,NA,2008,2009,2009,NA,treatment,12.13450262,13.00912371,umol_m2_s,5.618009822,6.64621617,0.378766145,0.450138559,220,218,2009
p_meta,,,Crous_2017,anet,ANU_glasshouse,,,NA,NA,NA,NA,NA,pot,,chamber,planted,,herbaceous,NA,NA,f,_010,_0000,0,0,0,0,0.4,5,0.002,1,0,0,0,0,0,0,0,0,0,2009,1,,NA,2008,2009,2009,NA,treatment,12.13450262,12.17123711,umol_m2_s,5.618009822,6.024768782,0.378766145,0.40804883,220,218,2009
p_meta,,,Crous_2017,anet,ANU_glasshouse,,,NA,NA,NA,NA,NA,pot,,chamber,planted,,herbaceous,NA,NA,f,_110,_0000,0,0,0,0,0.4,5,0.002,1,0,0,0,0,0,0,0,0,0,2009,1,,NA,2008,2009,2009,NA,treatment,12.13450262,15.58767196,umol_m2_s,5.618009822,6.647821102,0.378766145,0.451283502,220,217,2009
p_meta,,,Crous_2017,Vcmax,ANU_glasshouse,,,NA,NA,NA,NA,NA,pot,,chamber,planted,,herbaceous,NA,NA,f,_100,_0000,0,0,0,0,0.4,5,0.002,1,0,0,0,0,0,0,0,0,0,2009,1,,NA,2008,2009,2009,NA,treatment,14.45209424,15.48798969,umol_m2_s,6.802897433,9.360393994,0.458651251,0.633965877,220,218,2009
p_meta,,,Crous_2017,vcmax,ANU_glasshouse,,,NA,NA,NA,NA,NA,pot,,chamber,planted,,herbaceous,NA,NA,f,_010,_0000,0,0,0,0,0.4,5,0.002,1,0,0,0,0,0,0,0,0,0,2009,1,,NA,2008,2009,2009,NA,treatment,14.45209424,14.55690722,umol_m2_s,6.802897433,7.363688443,0.458651251,0.498731913,220,218,2009
p_meta,,,Crous_2017,vcmax,ANU_glasshouse,,,NA,NA,NA,NA,NA,pot,,chamber,planted,,herbaceous,NA,NA,f,_110,_0000,0,0,0,0,0.4,5,0.002,1,0,0,0,0,0,0,0,0,0,2009,1,,NA,2008,2009,2009,NA,treatment,14.45209424,18.78333333,umol_m2_s,6.802897433,8.919145437,0.458651251,0.605471045,220,217,2009
p_meta,,,Crous_2017,jmax,ANU_glasshouse,,,NA,NA,NA,NA,NA,pot,,chamber,planted,,herbaceous,NA,NA,f,_100,_0000,0,0,0,0,0.4,5,0.002,1,0,0,0,0,0,0,0,0,0,2009,1,,NA,2008,2009,2009,NA,treatment,73.15235602,77.50845361,umol_m2_s,35.23905978,68.84755381,2.375816925,4.662944725,220,218,2009
p_meta,,,Crous_2017,jmax,ANU_glasshouse,,,NA,NA,NA,NA,NA,pot,,chamber,planted,,herbaceous,NA,NA,f,_010,_0000,0,0,0,0,0.4,5,0.002,1,0,0,0,0,0,0,0,0,0,2009,1,,NA,2008,2009,2009,NA,treatment,73.15235602,73.41268041,umol_m2_s,35.23905978,37.89471988,2.375816925,2.566554284,220,218,2009
p_meta,,,Crous_2017,jmax,ANU_glasshouse,,,NA,NA,NA,NA,NA,pot,,chamber,planted,,herbaceous,NA,NA,f,_110,_0000,0,0,0,0,0.4,5,0.002,1,0,0,0,0,0,0,0,0,0,2009,1,,NA,2008,2009,2009,NA,treatment,73.15235602,95.4457672,umol_m2_s,35.23905978,64.11125087,2.375816925,4.352155294,220,217,2009
p_meta,,,Crous_2017,gsw,ANU_glasshouse,,,NA,NA,NA,NA,NA,pot,,chamber,planted,,herbaceous,NA,NA,f,_100,_0000,0,0,0,0,0.4,5,0.002,1,0,0,0,0,0,0,0,0,0,2009,1,,NA,2008,2009,2009,NA,treatment,0.344712042,0.329381443,mol_m2_s,0.246704161,0.246279316,0.016632791,0.01668014,220,218,2009
p_meta,,,Crous_2017,gsw,ANU_glasshouse,,,NA,NA,NA,NA,NA,pot,,chamber,planted,,herbaceous,NA,NA,f,_010,_0000,0,0,0,0,0.4,5,0.002,1,0,0,0,0,0,0,0,0,0,2009,1,,NA,2008,2009,2009,NA,treatment,0.344712042,0.352474227,mol_m2_s,0.246704161,0.231579532,0.016632791,0.015684545,220,218,2009
p_meta,,,Crous_2017,gsw,ANU_glasshouse,,,NA,NA,NA,NA,NA,pot,,chamber,planted,,herbaceous,NA,NA,f,_110,_0000,0,0,0,0,0.4,5,0.002,1,0,0,0,0,0,0,0,0,0,2009,1,,NA,2008,2009,2009,NA,treatment,0.344712042,0.390582011,mol_m2_s,0.246704161,0.274674236,0.016632791,0.018646102,220,217,2009
p_meta,,,Crous_2017,rd,ANU_glasshouse,,,NA,NA,NA,NA,NA,pot,,chamber,planted,,herbaceous,NA,NA,f,_100,_0000,0,0,0,0,0.4,5,0.002,1,0,0,0,0,0,0,0,0,0,2009,1,,NA,2008,2009,2009,NA,treatment,0.741052632,0.895103093,umol_m2_s,0.468247829,0.556637983,0.031569262,0.037700281,220,218,2009
p_meta,,,Crous_2017,rd,ANU_glasshouse,,,NA,NA,NA,NA,NA,pot,,chamber,planted,,herbaceous,NA,NA,f,_010,_0000,0,0,0,0,0.4,5,0.002,1,0,0,0,0,0,0,0,0,0,2009,1,,NA,2008,2009,2009,NA,treatment,0.741052632,0.787098446,umol_m2_s,0.468247829,0.500617198,0.031569262,0.033906075,220,218,2009
p_meta,,,Crous_2017,rd,ANU_glasshouse,,,NA,NA,NA,NA,NA,pot,,chamber,planted,,herbaceous,NA,NA,f,_110,_0000,0,0,0,0,0.4,5,0.002,1,0,0,0,0,0,0,0,0,0,2009,1,,NA,2008,2009,2009,NA,treatment,0.741052632,1.068624339,umol_m2_s,0.468247829,0.682421542,0.031569262,0.046325793,220,217,2009
p_meta,,,Crous_2017,lma,ANU_glasshouse,,,NA,NA,NA,NA,NA,pot,,chamber,planted,,herbaceous,NA,NA,f,_100,_0000,0,0,0,0,0.4,5,0.002,1,0,0,0,0,0,0,0,0,0,2009,1,,NA,2008,2009,2009,NA,treatment,119.8633333,118.8247938,g_m2,88.04431236,80.37286474,5.935946329,5.443537279,220,218,2009
p_meta,,,Crous_2017,lma,ANU_glasshouse,,,NA,NA,NA,NA,NA,pot,,chamber,planted,,herbaceous,NA,NA,f,_010,_0000,0,0,0,0,0.4,5,0.002,1,0,0,0,0,0,0,0,0,0,2009,1,,NA,2008,2009,2009,NA,treatment,119.8633333,109.7478537,g_m2,88.04431236,81.69499024,5.935946329,5.533082917,220,218,2009
p_meta,,,Crous_2017,lma,ANU_glasshouse,,,NA,NA,NA,NA,NA,pot,,chamber,planted,,herbaceous,NA,NA,f,_110,_0000,0,0,0,0,0.4,5,0.002,1,0,0,0,0,0,0,0,0,0,2009,1,,NA,2008,2009,2009,NA,treatment,119.8633333,113.1780102,g_m2,88.04431236,101.0696554,5.935946329,6.861055271,220,217,2009
p_meta,,,Crous_2017,leaf_n_mass,ANU_glasshouse,,,NA,NA,NA,NA,NA,pot,,chamber,planted,,herbaceous,NA,NA,f,_100,_0000,0,0,0,0,0.4,5,0.002,1,0,0,0,0,0,0,0,0,0,2009,1,,NA,2008,2009,2009,NA,treatment,15.31423645,22.21055276,mg_g,7.793923171,9.039907939,0.525466193,0.612259822,220,218,2009
p_meta,,,Crous_2017,leaf_n_mass,ANU_glasshouse,,,NA,NA,NA,NA,NA,pot,,chamber,planted,,herbaceous,NA,NA,f,_010,_0000,0,0,0,0,0.4,5,0.002,1,0,0,0,0,0,0,0,0,0,2009,1,,NA,2008,2009,2009,NA,treatment,15.31423645,16.42103448,mg_g,7.793923171,9.290502625,0.525466193,0.629232236,220,218,2009
p_meta,,,Crous_2017,leaf_n_mass,ANU_glasshouse,,,NA,NA,NA,NA,NA,pot,,chamber,planted,,herbaceous,NA,NA,f,_110,_0000,0,0,0,0,0.4,5,0.002,1,0,0,0,0,0,0,0,0,0,2009,1,,NA,2008,2009,2009,NA,treatment,15.31423645,26.69116162,mg_g,7.793923171,11.98153178,0.525466193,0.813359375,220,217,2009
p_meta,,,Crous_2017,leaf_n_area,ANU_glasshouse,,,NA,NA,NA,NA,NA,pot,,chamber,planted,,herbaceous,NA,NA,f,_100,_0000,0,0,0,0,0.4,5,0.002,1,0,0,0,0,0,0,0,0,0,2009,1,,NA,2008,2009,2009,NA,treatment,1.477323143,2.364239526,g_m2,0.936068047,1.571622617,0.063109695,0.106443715,220,218,2009
p_meta,,,Crous_2017,leaf_n_area,ANU_glasshouse,,,NA,NA,NA,NA,NA,pot,,chamber,planted,,herbaceous,NA,NA,f,_010,_0000,0,0,0,0,0.4,5,0.002,1,0,0,0,0,0,0,0,0,0,2009,1,,NA,2008,2009,2009,NA,treatment,1.477323143,1.48776303,g_m,0.936068047,0.940549421,0.063109695,0.063702045,220,218,2009
p_meta,,,Crous_2017,leaf_n_area,ANU_glasshouse,,,NA,NA,NA,NA,NA,pot,,chamber,planted,,herbaceous,NA,NA,f,_110,_0000,0,0,0,0,0.4,5,0.002,1,0,0,0,0,0,0,0,0,0,2009,1,,NA,2008,2009,2009,NA,treatment,1.477323143,2.779172485,g_m2,0.936068047,2.656568229,0.063109695,0.180339602,220,217,2009
p_meta,,,Crous_2017,leaf_p_mass,ANU_glasshouse,,,NA,NA,NA,NA,NA,pot,,chamber,planted,,herbaceous,NA,NA,f,_100,_0000,0,0,0,0,0.4,5,0.002,1,0,0,0,0,0,0,0,0,0,2009,1,,NA,2008,2009,2009,NA,treatment,1.694581281,1.071256281,mg_g,1.765430471,1.288717525,0.119025298,0.087282964,220,218,2009
p_meta,,,Crous_2017,leaf_p_mass,ANU_glasshouse,,,NA,NA,NA,NA,NA,pot,,chamber,planted,,herbaceous,NA,NA,f,_010,_0000,0,0,0,0,0.4,5,0.002,1,0,0,0,0,0,0,0,0,0,2009,1,,NA,2008,2009,2009,NA,treatment,1.694581281,5.521674877,mg_g,1.765430471,4.302032119,0.119025298,0.291370381,220,218,2009
p_meta,,,Crous_2017,leaf_p_mass,ANU_glasshouse,,,NA,NA,NA,NA,NA,pot,,chamber,planted,,herbaceous,NA,NA,f,_110,_0000,0,0,0,0,0.4,5,0.002,1,0,0,0,0,0,0,0,0,0,2009,1,,NA,2008,2009,2009,NA,treatment,1.694581281,3.879494949,mg_g,1.765430471,2.817778177,0.119025298,0.191283247,220,217,2009
p_meta,,,Crous_2017,leaf_p_area,ANU_glasshouse,,,NA,NA,NA,NA,NA,pot,,chamber,planted,,herbaceous,NA,NA,f,_100,_0000,0,0,0,0,0.4,5,0.002,1,0,0,0,0,0,0,0,0,0,2009,1,,NA,2008,2009,2009,NA,treatment,0.157724024,0.091741725,g_m2,0.182743091,0.092936017,0.012320537,0.006294421,220,218,2009
p_meta,,,Crous_2017,leaf_p_area,ANU_glasshouse,,,NA,NA,NA,NA,NA,pot,,chamber,planted,,herbaceous,NA,NA,f,_010,_0000,0,0,0,0,0.4,5,0.002,1,0,0,0,0,0,0,0,0,0,2009,1,,NA,2008,2009,2009,NA,treatment,0.157724024,0.6450924,g_m2,0.182743091,0.894373031,0.012320537,0.060574585,220,218,2009
p_meta,,,Crous_2017,leaf_p_area,ANU_glasshouse,,,NA,NA,NA,NA,NA,pot,,chamber,planted,,herbaceous,NA,NA,f,_110,_0000,0,0,0,0,0.4,5,0.002,1,0,0,0,0,0,0,0,0,0,2009,1,,NA,2008,2009,2009,NA,treatment,0.157724024,0.439483953,g_m2,0.182743091,0.656062881,0.012320537,0.04453645,220,217,2009
p_meta,,,Crous_2017,leaf_np,ANU_glasshouse,,,NA,NA,NA,NA,NA,pot,,chamber,planted,,herbaceous,NA,NA,f,_100,_0000,0,0,0,0,0.4,5,0.002,1,0,0,0,0,0,0,0,0,0,2009,1,,NA,2008,2009,2009,NA,treatment,14.99615764,34.56140704,unitless,12.46426182,21.82281553,0.840340361,1.478027569,220,218,2009
p_meta,,,Crous_2017,leaf_np,ANU_glasshouse,,,NA,NA,NA,NA,NA,pot,,chamber,planted,,herbaceous,NA,NA,f,_010,_0000,0,0,0,0,0.4,5,0.002,1,0,0,0,0,0,0,0,0,0,2009,1,,NA,2008,2009,2009,NA,treatment,14.99615764,4.715024631,unitless,12.46426182,3.726459097,0.840340361,0.252387657,220,218,2009
p_meta,,,Crous_2017,leaf_np,ANU_glasshouse,,,NA,NA,NA,NA,NA,pot,,chamber,planted,,herbaceous,NA,NA,f,_110,_0000,0,0,0,0,0.4,5,0.002,1,0,0,0,0,0,0,0,0,0,2009,1,,NA,2008,2009,2009,NA,treatment,14.99615764,8.565808081,unitless,12.46426182,4.141732405,0.840340361,0.281159116,220,217,2009
p_meta,,,Crous_2017,leaf_nue,ANU_glasshouse,,,NA,NA,NA,NA,NA,pot,,chamber,planted,,herbaceous,NA,NA,f,_100,_0000,0,0,0,0,0.4,5,0.002,1,0,0,0,0,0,0,0,0,0,2009,1,,NA,2008,2009,2009,NA,treatment,9.601224831,6.961525899,umol_g_s,4.894365632,5.248224183,0.329978064,0.355454594,220,218,2009
p_meta,,,Crous_2017,leaf_nue,ANU_glasshouse,,,NA,NA,NA,NA,NA,pot,,chamber,planted,,herbaceous,NA,NA,f,_010,_0000,0,0,0,0,0.4,5,0.002,1,0,0,0,0,0,0,0,0,0,2009,1,,NA,2008,2009,2009,NA,treatment,9.601224831,9.609314497,umol_g_s,4.894365632,4.966212566,0.329978064,0.336354357,220,218,2009
p_meta,,,Crous_2017,leaf_nue,ANU_glasshouse,,,NA,NA,NA,NA,NA,pot,,chamber,planted,,herbaceous,NA,NA,f,_110,_0000,0,0,0,0,0.4,5,0.002,1,0,0,0,0,0,0,0,0,0,2009,1,,NA,2008,2009,2009,NA,treatment,9.601224831,8.646728424,umol_g_s,4.894365632,5.619666295,0.329978064,0.381487806,220,217,2009
p_meta,,,Crous_2017,leaf_pue,ANU_glasshouse,,,NA,NA,NA,NA,NA,pot,,chamber,planted,,herbaceous,NA,NA,f,_100,_0000,0,0,0,0,0.4,5,0.002,1,0,0,0,0,0,0,0,0,0,2009,1,,NA,2008,2009,2009,NA,treatment,130.9446043,195.7686189,umol_g_s,93.56221601,121.2171708,6.307963316,8.209862747,220,218,2009
p_meta,,,Crous_2017,leaf_pue,ANU_glasshouse,,,NA,NA,NA,NA,NA,pot,,chamber,planted,,herbaceous,NA,NA,f,_010,_0000,0,0,0,0,0.4,5,0.002,1,0,0,0,0,0,0,0,0,0,2009,1,,NA,2008,2009,2009,NA,treatment,130.9446043,43.77671745,umol_g_s,93.56221601,37.19327925,6.307963316,2.51904673,220,218,2009
p_meta,,,Crous_2017,leaf_pue,ANU_glasshouse,,,NA,NA,NA,NA,NA,pot,,chamber,planted,,herbaceous,NA,NA,f,_110,_0000,0,0,0,0,0.4,5,0.002,1,0,0,0,0,0,0,0,0,0,2009,1,,NA,2008,2009,2009,NA,treatment,130.9446043,72.99349213,umol_g_s,93.56221601,51.57626647,6.307963316,3.501225107,220,217,2009